SALE TYPE,SOLD DATE,PROPERTY TYPE,ADDRESS,CITY,STATE OR PROVINCE,ZIP OR POSTAL CODE,PRICE,BEDS,BATHS,LOCATION,SQUARE FEET,LOT SIZE,YEAR BUILT,DAYS ON MARKET,$/SQUARE FEET,HOA/MONTH,STATUS,NEXT OPEN HOUSE START TIME,NEXT OPEN HOUSE END TIME,DESCRIPTION,URL (SEE https://www.redfin.com/buy-a-home/comparative-market-analysis FOR INFO ON PRICING),SOURCE,MLS#,FAVORITE,INTERESTED,LATITUDE,LONGITUDE
"In accordance with local MLS rules, some MLS listings are not included in the download",,,,,,,,,,,,,,,,,,,,,,,,,,,
MLS Listing,,Single Family Residential,4763 Calle Camarada,Santa Barbara,CA,93110,1199999,3,2.5,VC81 - Santa Barbara,1233,1141,1972,2,973,425,Active,May-26-2024 01:00 PM,May-26-2024 04:00 PM,,https://www.redfin.com/CA/Santa-Barbara/4763-Calle-Camarada-93110/home/21582808,CRMLS,V1-23727,N,Y,34.428431,-119.7889493
MLS Listing,,Single Family Residential,439 Lambert Rd,Carpinteria,CA,93013,10900000,4,5.0,MONTECITO,,220849,1999,3,,,Active,,,,https://www.redfin.com/CA/Carpinteria/439-Lambert-Rd-93013/home/21612316,SBMLS,24-1684,N,Y,34.4318783,-119.5796746
MLS Listing,,Condo/Co-op,1315 Plaza Pacifica,Montecito,CA,93108,3200000,1,1.5,MONTECITO,928,,1965,3,3448,,Active,,,,https://www.redfin.com/CA/Santa-Barbara/1315-Plaza-Pacifica-93108/home/21609042,SBMLS,24-1681,N,Y,34.416348,-119.639768
MLS Listing,,Single Family Residential,2516 Murrell Rd,Santa Barbara,CA,93109,2795000,3,2.0,Mesa,1574,8712,1959,3,1776,,Active,May-26-2024 02:00 PM,May-26-2024 05:00 PM,,https://www.redfin.com/CA/Santa-Barbara/2516-Murrell-Rd-93109/home/21595151,SBMLS,24-1635,N,Y,34.4024989,-119.7334615
MLS Listing,,Multi-Family (2-4 Unit),5368 Traci Dr,Santa Barbara,CA,93111,1549000,3,2.0,SB/GOL NORTH,1562,3049,1984,3,992,,Active,May-26-2024 01:00 PM,May-26-2024 04:00 PM,,https://www.redfin.com/CA/Santa-Barbara/5368-Traci-Dr-93111/home/21577394,SBMLS,24-1652,N,Y,34.4501544,-119.8102438
MLS Listing,,Single Family Residential,849 Weldon Rd,Santa Barbara,CA,93109,2475000,4,4.0,Mesa,2607,6969,1978,3,949,,Active,May-26-2024 01:00 PM,May-26-2024 04:00 PM,"Step into this expansive Mesa residence on an R2 lot, offering a generous 2,607 square feet of comfortable living space. On the main level, you will find the primary bedroom with an en suite bathroom, along with an additional full bathroom converted from a half bath in the hallway. Descend to the lower level, which features three more bedrooms and two full bathrooms. Outside, a large patio, private backyard, and balconies beckon for relaxation and entertainment. With its proximity to shopping, schools, and the beach, this location is truly exceptional, making it an ideal primary residence or a great income property.",https://www.redfin.com/CA/Santa-Barbara/849-Weldon-Rd-93109/home/21598408,SBMLS,24-1670,N,Y,34.4058278,-119.704165
MLS Listing,,Single Family Residential,1730 Anacapa St,Santa Barbara,CA,93101,4950000,4,4.0,Upper Eastside,3712,25265,1886,4,1334,,Active,May-26-2024 12:00 PM,May-26-2024 04:00 PM,,https://www.redfin.com/CA/Santa-Barbara/1730-Anacapa-St-93101/home/21602137,SBMLS,24-1669,N,Y,34.4299607,-119.7102215
MLS Listing,,Single Family Residential,610 Coronel Pl,Santa Barbara,CA,93101,1495000,3,3.0,Westside,983,,1934,4,1521,,Active,May-26-2024 01:00 PM,May-26-2024 04:00 PM,,https://www.redfin.com/CA/Santa-Barbara/610-Coronel-Pl-93101/home/21597412,SBMLS,24-1662,N,Y,34.4102826,-119.7027894
MLS Listing,,Single Family Residential,2474 Varley St,Summerland,CA,93067,2395000,4,2.0,Summerland,1289,5227,1994,4,1858,,Active,May-26-2024 01:00 PM,May-26-2024 04:00 PM,,https://www.redfin.com/CA/Summerland/2474-Varley-Rd-93067/home/21611699,SBMLS,24-1660,N,Y,34.420444,-119.594903
MLS Listing,,Single Family Residential,3947 Calle Cita,Santa Barbara,CA,93110,1395000,2,2.0,SB/EAST OF STATE,,7405,1932,4,,,Active,May-26-2024 02:00 PM,May-26-2024 04:00 PM,,https://www.redfin.com/CA/Santa-Barbara/3947-Calle-Cita-93110/home/21586399,SBMLS,24-1656,N,Y,34.4483811,-119.7530948
MLS Listing,,Single Family Residential,2600 Holly Rd,Santa Barbara,CA,93105,3697000,3,3.0,SB/EAST OF STATE,3095,,2017,4,1195,,Active,May-26-2024 01:00 PM,May-26-2024 04:00 PM,,https://www.redfin.com/CA/Santa-Barbara/2600-Holly-Rd-93105/home/21604156,SBMLS,24-1654,N,Y,34.4602008,-119.7123029
MLS Listing,,Single Family Residential,1445 Alameda Padre Serra,Santa Barbara,CA,93103,5625000,4,3.5,Riviera/Upper,,23522,1932,4,,,Active,,,,https://www.redfin.com/CA/Santa-Barbara/1445-Alameda-Padre-Serra-93103/home/21600778,SBMLS,24-1620,N,Y,34.4369554,-119.6992773
MLS Listing,,Single Family Residential,178 El Sueno Rd,Santa Barbara,CA,93110,1369000,2,1.0,Santa Barbara,1284,7841,1951,5,1066,,Active,May-26-2024 01:00 PM,May-26-2024 04:00 PM,,https://www.redfin.com/CA/Santa-Barbara/178-El-Sueno-Rd-93110/home/21585266,SBMLS,24-1646,N,Y,34.4427865,-119.7696886
MLS Listing,,Single Family Residential,528 Casitas Rd,Santa Barbara,CA,93103,1525000,3,1.0,Riviera/Lower,1444,8276,1923,5,1056,,Active,,,,https://www.redfin.com/CA/Santa-Barbara/528-Casitas-Rd-93103/home/21599822,SBMLS,24-1644,N,Y,34.4310283,-119.6820905
MLS Listing,,Single Family Residential,2287 Golden Gate Ave,Summerland,CA,93067,2298000,3,2.5,CARPINTERIA-SUMMERLAND,1405,20037,1988,5,1636,,Active,,,,https://www.redfin.com/CA/Summerland/2287-Golden-Gate-Ave-93067/home/21612675,SBMLS,24-1643,N,Y,34.4232811,-119.5996657
MLS Listing,,Condo/Co-op,2737 Miradero Dr,Santa Barbara,CA,93105,1395000,3,2.0,San Roque,1639,1742,1986,5,851,,Active,,,,https://www.redfin.com/CA/Santa-Barbara/2737-Miradero-Dr-93105/home/21589177,SBMLS,24-1641,N,Y,34.4400059,-119.720003
MLS Listing,,Single Family Residential,3279 Foothill Rd,Santa Barbara,CA,93105,1695000,3,2.0,San Roque,1540,15246,1947,5,1101,,Active,,,,https://www.redfin.com/CA/Santa-Barbara/3279-Foothill-Rd-93105/home/21588882,SBMLS,24-1639,N,Y,34.4490034,-119.7328398
MLS Listing,,Single Family Residential,2720 El Prado Rd,Santa Barbara,CA,93105,2995000,4,3.0,Samarkand,2129,9250,1951,6,1407,,Active,May-26-2024 02:30 PM,May-26-2024 04:30 PM,,https://www.redfin.com/CA/Santa-Barbara/2720-El-Prado-Rd-93105/home/21590787,SBMLS,24-1633,N,Y,34.4339358,-119.7280708
MLS Listing,,Condo/Co-op,875 Cieneguitas Rd,Santa Barbara,CA,93110,959000,2,2.0,SB/EAST OF STATE,1426,,1964,6,673,,Active,May-26-2024 01:00 PM,May-26-2024 04:00 PM,,https://www.redfin.com/CA/Santa-Barbara/875-Cieneguitas-Rd-93110/home/21585057,SBMLS,24-1615,N,Y,34.4533027,-119.7600839
MLS Listing,,Single Family Residential,380 Sheffield Dr,Montecito,CA,93108,3995000,2,2.0,MONTECITO,1739,38768,1955,6,2297,,Active,May-26-2024 01:00 PM,May-26-2024 04:30 PM,,https://www.redfin.com/CA/Santa-Barbara/380-Sheffield-Dr-93108/home/21611814,SBMLS,24-1629,N,Y,34.4291139,-119.6069618
MLS Listing,,Single Family Residential,1666 San Leandro Ln,Santa Barbara,CA,93108,5000000,3,4.0,Hedgerow,3653,34412,1955,6,1369,,Active,May-26-2024 02:00 PM,May-26-2024 04:00 PM,,https://www.redfin.com/CA/Santa-Barbara/1666-San-Leandro-Ln-93108/home/21610738,SBMLS,24-1628,N,Y,34.4261443,-119.6250594
MLS Listing,,Multi-Family (2-4 Unit),5041 Rhoads Ave #D,Santa Barbara,CA,93111,1178000,4,2.5,SB/GOL SOUTH,1605,,1974,6,734,,Active,May-26-2024 01:00 PM,May-26-2024 04:00 PM,,https://www.redfin.com/CA/Santa-Barbara/5041-Rhoads-Ave-93111/unit-D/home/21581595,SBMLS,24-1625,N,Y,34.427114,-119.79896
MLS Listing,,Single Family Residential,4426 Via Bendita,Santa Barbara,CA,93110,12995000,6,6.5,Hope Ranch,7142,141570,1965,6,1820,,Active,,,,https://www.redfin.com/CA/Santa-Barbara/4426-Via-Bendita-93110/home/21584535,SBMLS,24-1623,N,Y,34.4206162,-119.773448
MLS Listing,,Condo/Co-op,3718 State St #315,Santa Barbara,CA,93105,1950000,2,2.0,SB/EAST OF STATE,1627,,2019,6,1199,,Active,,,,https://www.redfin.com/CA/Santa-Barbara/3718-State-St-93105/unit-315/home/167251061,SBMLS,24-1621,N,Y,34.4409311,-119.7433552
MLS Listing,,Single Family Residential,5513 Camino Cerralvo,Santa Barbara,CA,93111,1899000,3,2.0,Rancho Del Ciervo,2353,25700,1969,6,807,,Active,,,,https://www.redfin.com/CA/Santa-Barbara/5513-Camino-Cerralvo-93111/home/21578821,SBMLS,24-1610,N,Y,34.4599104,-119.8169875
MLS Listing,,Single Family Residential,3241 Lucinda Ln,Santa Barbara,CA,93105,1900000,3,2.0,San Roque/Above Foothill,1960,6098,1963,9,969,,Active,,,,https://www.redfin.com/CA/Santa-Barbara/3241-Lucinda-Ln-93105/home/21586968,SBMLS,24-1606,N,Y,34.4489802,-119.7280743
MLS Listing,,Single Family Residential,4450 Via Esperanza,Santa Barbara,CA,93110,5495000,4,3.5,Hope Ranch,3155,100188,1977,10,1742,,Active,May-26-2024 01:00 PM,May-26-2024 04:00 PM,,https://www.redfin.com/CA/Santa-Barbara/4450-Via-Esperanza-93110/home/21584155,SBMLS,24-1590,N,Y,34.427718,-119.777233
MLS Listing,,Single Family Residential,751 Skyview Dr,Santa Barbara,CA,93108,3388000,4,2.5,Eucalyptus Hill,2549,26571,1978,10,1329,,Active,May-26-2024 01:00 PM,May-26-2024 04:00 PM,,https://www.redfin.com/CA/Santa-Barbara/751-Skyview-Dr-93108/home/21607579,SBMLS,24-1588,N,Y,34.4356942,-119.6559944
MLS Listing,,Single Family Residential,6 S Soledad St,Santa Barbara,CA,93103,1399000,3,2.0,VC81 - Santa Barbara,1259,5227,1954,10,1111,,Active,,,,https://www.redfin.com/CA/Santa-Barbara/6-S-Soledad-St-93103/home/21606585,CRMLS,OC24080541,N,Y,34.4244524,-119.675425
MLS Listing,,Townhouse,515 E Islay St #A,Santa Barbara,CA,93101,1595000,2,2.5,Upper Eastside,1624,871,1984,11,982,,Active,,,,https://www.redfin.com/CA/Santa-Barbara/515-E-Islay-St-93101/unit-A/home/21601056,SBMLS,24-1584,N,Y,34.4347439,-119.7071835
MLS Listing,,Single Family Residential,1530 Marquard Ter,Santa Barbara,CA,93101,1995000,3,2.0,Westside,1225,10018,1932,11,1629,,Active,,,,https://www.redfin.com/CA/Santa-Barbara/1530-Marquard-Ter-93101/home/21596463,SBMLS,24-1574,N,Y,34.4140594,-119.7310123
MLS Listing,,Single Family Residential,4773 Baxter St,Santa Barbara,CA,93110,1599000,4,2.0,SB/GOL SOUTH,1365,6969,1961,11,1171,,Active,,,,https://www.redfin.com/CA/Santa-Barbara/4773-Baxter-St-93110/home/21583184,SBMLS,24-1571,N,Y,34.4345194,-119.7883645
MLS Listing,,Townhouse,421 W Anapamu St #D,Santa Barbara,CA,93101,995000,3,2.0,15 or Downtown,1300,871,1987,11,765,,Active,,,,https://www.redfin.com/CA/Santa-Barbara/421-W-Anapamu-St-93101/unit-D/home/21596148,SBMLS,24-1567,N,Y,34.4182244,-119.7089747
MLS Listing,,Single Family Residential,116 W Los Olivos St,Santa Barbara,CA,93105,2275000,4,3.0,Oak Park,2142,4356,1933,11,1062,,Active,May-26-2024 01:00 PM,May-26-2024 04:00 PM,,https://www.redfin.com/CA/Santa-Barbara/116-W-Los-Olivos-St-93105/home/190802916,SBMLS,24-1566,N,Y,34.4313963,-119.7193133
MLS Listing,,Single Family Residential,533 Conejo,Santa Barbara,CA,93103,2097000,3,3.5,Las Canoas/El Cielito,2270,,2012,12,924,,Active,,,,https://www.redfin.com/CA/Santa-Barbara/533-Conejo-Rd-93103/home/21606112,SBMLS,24-1549,N,Y,34.4439289,-119.6758168
MLS Listing,,Single Family Residential,1307 N Salsipuedes St,Santa Barbara,CA,93103,2100000,4,3.0,SB/EAST OF STATE,1140,4356,1922,12,1842,,Active,,,,https://www.redfin.com/CA/Santa-Barbara/1307-N-Salsipuedes-St-93103/home/21600698,SBMLS,24-1545,N,Y,34.4307844,-119.6994583
MLS Listing,,Mobile/Manufactured Home,4025 State St #62,Santa Barbara,CA,93110,600000,3,2.0,La Cumbre,1400,2374,2017,13,429,,Active,,,,https://www.redfin.com/CA/Santa-Barbara/4025-State-St-93110/unit-62/home/14989735,SBMLS,24-1534,N,Y,34.4391547,-119.7567344
MLS Listing,,Multi-Family (2-4 Unit),4745 Calle Camarada,Goleta,CA,93110,1249000,2,3.0,SB/GOL SOUTH,1123,1306,1972,13,1112,,Active,,,,https://www.redfin.com/CA/Santa-Barbara/4745-Calle-Camarada-93110/home/21580908,SBMLS,24-1528,N,Y,34.428254,-119.788266
MLS Listing,,Multi-Family (2-4 Unit),640 Coronel Pl Pl,Santa Barbara,CA,93101,1620000,,,Santa Barbara,1454,23958,,13,1114,,Active,,,,https://www.redfin.com/CA/Santa-Barbara/640-Coronel-Pl-93101/home/21598675,TAAR,9990992,N,Y,34.4094863,-119.7035201
MLS Listing,,Single Family Residential,521 Santa Rosa Ln,Montecito,CA,93108,9500000,5,5.5,Hedgerow,5413,26571,2017,13,1755,,Active,,,,https://www.redfin.com/CA/Santa-Barbara/521-Santa-Rosa-Ln-93108/home/21612440,SBMLS,24-1526,N,Y,34.4322963,-119.6293575
MLS Listing,,Single Family Residential,910 Buena Vista Dr,Montecito,CA,93108,14750000,5,6.0,MONTECITO,6835,114562,1954,13,2158,,Active,,,,https://www.redfin.com/CA/Santa-Barbara/910-Buena-Vista-Dr-93108/home/21611245,SBMLS,24-1525,N,Y,34.4465497,-119.6098518
MLS Listing,,Single Family Residential,3512 Madrona Dr,Santa Barbara,CA,93105,2150000,3,2.5,San Roque,,,1951,13,,,Active,,,,https://www.redfin.com/CA/Santa-Barbara/3512-Madrona-Dr-93105/home/21588213,SBMLS,24-1521,N,Y,34.4415948,-119.7388089
MLS Listing,,Single Family Residential,20 Alston Pl,Santa Barbara,CA,93108,6995000,4,4.5,Eucalyptus Hill,4625,54450,1947,13,1512,,Active,May-26-2024 01:00 PM,May-26-2024 04:00 PM,,https://www.redfin.com/CA/Santa-Barbara/20-Alston-Pl-93108/home/21607310,SBMLS,24-1519,N,Y,34.4320159,-119.6676267
MLS Listing,,Single Family Residential,3583 Modoc Rd,Santa Barbara,CA,93105,2450000,4,3.0,Hidden Valley,2772,43560,1978,14,884,,Active,May-26-2024 01:00 PM,May-26-2024 05:00 PM,,https://www.redfin.com/CA/Santa-Barbara/3583-Modoc-Rd-93105/home/21591561,SBMLS,24-817,N,Y,34.4275982,-119.739572
MLS Listing,,Single Family Residential,1360 E Mountain Dr,Montecito,CA,93108,27000000,8,10.5,MONTECITO,11424,121968,1962,16,2363,,Active,,,,https://www.redfin.com/CA/Santa-Barbara/1360-E-Mountain-Dr-93108/home/21608769,SBMLS,24-1507,N,Y,34.4488277,-119.6401589
MLS Listing,,Single Family Residential,575 Lorraine Ave,Santa Barbara,CA,93110,1299000,3,2.0,SB/GOL NORTH,1564,13068,1953,17,831,,Active,,,,https://www.redfin.com/CA/Santa-Barbara/575-Lorraine-Ave-93110/home/21585831,SBMLS,24-1506,N,Y,34.4474317,-119.7688358
MLS Listing,,Single Family Residential,702 E Calle Laureles,Santa Barbara,CA,93105,4250000,5,3.0,San Roque/Above Foothill,3000,135907,1988,18,1417,,Active,,,,https://www.redfin.com/CA/Santa-Barbara/702-E-Calle-Laureles-93105/home/21587043,SBMLS,24-1488,N,Y,34.4492384,-119.7246847
MLS Listing,,Multi-Family (2-4 Unit),2535 De la Vina St,Santa Barbara,CA,93105,1250000,2,1.0,15 or Downtown,2145,6098,1930,18,583,,Active,,,,https://www.redfin.com/CA/Santa-Barbara/2535-De-la-Vina-St-93105/home/21603488,SBMLS,24-1486,N,Y,34.434325,-119.7242807
MLS Listing,,Single Family Residential,748 Mission Canyon Rd,Santa Barbara,CA,93105,3895000,3,3.0,Mission Canyon,,22215,1949,18,,,Active,,,,https://www.redfin.com/CA/Santa-Barbara/748-Mission-Canyon-Rd-93105/home/21603819,SBMLS,24-1483,N,Y,34.4450611,-119.7110366
MLS Listing,,Single Family Residential,845 Alameda Padre Serra,Santa Barbara,CA,93103,4250000,4,2.0,Riviera/Lower,2463,21344,1954,18,1726,,Active,,,,https://www.redfin.com/CA/Santa-Barbara/845-Alameda-Padre-Serra-93103/home/21599932,SBMLS,24-1482,N,Y,34.435302,-119.6857287
MLS Listing,,Townhouse,428 Via Rosa #A,Santa Barbara,CA,93110,1195000,3,2.0,15 or Downtown,1360,,1984,18,879,,Active,,,,https://www.redfin.com/CA/Santa-Barbara/428-Via-Rosa-93110/unit-A/home/21586052,SBMLS,24-1480,N,Y,34.4471916,-119.7551236
MLS Listing,,Single Family Residential,211 W Victoria St,Santa Barbara,CA,93101,1250000,2,1.5,SB/WEST OF STATE,1839,3750,1968,19,680,,Active,,,,https://www.redfin.com/CA/Santa-Barbara/211-W-Victoria-St-93101/home/190717916,SBMLS,24-1472,N,Y,34.4216887,-119.7082542
MLS Listing,,Single Family Residential,740 Hot Springs Rd,Santa Barbara,CA,93108,5775000,3,2.0,MONTECITO,2026,,2024,19,2850,,Active,,,,https://www.redfin.com/CA/Santa-Barbara/740-Hot-Springs-Rd-93108/home/21609098,SBMLS,24-1461,N,Y,34.4449156,-119.6415179
MLS Listing,,Single Family Residential,1084 Golf Rd,Montecito,CA,93108,33500000,8,9.0,MONTECITO,7299,137649,1923,20,4590,,Active,,,,https://www.redfin.com/CA/Santa-Barbara/1084-Golf-Rd-93108/home/21609831,SBMLS,24-1457,N,Y,34.4277627,-119.6489399
MLS Listing,,Condo/Co-op,521 W Montecito St #4,Santa Barbara,CA,93101,879000,2,2.0,Bel Air Knolls,908,871,1987,20,968,,Active,,,,https://www.redfin.com/CA/Santa-Barbara/521-W-Montecito-St-93101/unit-4/home/21597169,SBMLS,24-1447,N,Y,34.4083809,-119.699195
MLS Listing,,Single Family Residential,931 Knapp Dr,Santa Barbara,CA,93108,6495000,4,3.0,MONTECITO,,,1987,20,,,Pre On-Market,,,,https://www.redfin.com/CA/Santa-Barbara/931-Knapp-Dr-93108/home/21608251,SBMLS,24-1445,N,Y,34.4381007,-119.6541934
MLS Listing,,Single Family Residential,1111 Waldron Ave,Santa Barbara,CA,93103,1550000,4,2.0,Lower Eastside,1680,,1957,20,923,,Active,,,,https://www.redfin.com/CA/Santa-Barbara/1111-Waldron-Ave-93103/home/21599858,SBMLS,24-1440,N,Y,34.429348,-119.6836137
MLS Listing,,Mobile/Manufactured Home,333 Old Mill Rd #293,Santa Barbara,CA,93110,689000,2,2.0,Rancho Santa Barbara,1200,,2005,20,574,,Active,,,,https://www.redfin.com/CA/Santa-Barbara/333-Old-Mill-Rd-93110/unit-293/home/14989574,SBMLS,24-1441,N,Y,34.4461492,-119.7675939
MLS Listing,,Single Family Residential,318 Sherman Rd,Santa Barbara,CA,93103,1975000,3,2.0,Las Canoas/El Cielito,1627,10454,2011,21,1214,,Active,,,,https://www.redfin.com/CA/Santa-Barbara/318-Sherman-Rd-93103/home/21605771,SBMLS,24-1436,N,Y,34.446001,-119.6786086
MLS Listing,,Single Family Residential,3325 Madrona Dr,Santa Barbara,CA,93105,2295000,3,3.0,San Roque,2211,9100,1948,21,1038,,Pre On-Market,,,,https://www.redfin.com/CA/Santa-Barbara/3325-Madrona-Dr-93105/home/21587815,SBMLS,24-1021,N,Y,34.441108,-119.7361521
MLS Listing,,Single Family Residential,1510 Mission Canyon Rd,Santa Barbara,CA,93105,1888000,3,3.0,SB/EAST OF STATE,2137,43560,1930,21,883,,Pre On-Market,,,,https://www.redfin.com/CA/Santa-Barbara/1510-Mission-Canyon-Rd-93105/home/21604165,SBMLS,24-1061,N,Y,34.464004,-119.709381
MLS Listing,,Single Family Residential,691 N Hope Ave #4,Santa Barbara,CA,93110,3250000,4,3.0,San Roque,2368,9724,2025,21,1372,,Pre On-Market,,,,https://www.redfin.com/CA/Santa-Barbara/691-N-Hope-Ave-93110/unit-4/home/190692882,SBMLS,24-933,N,Y,34.4499399,-119.7470603
MLS Listing,,Multi-Family (5+ Unit),1924 San Pascual St,Santa Barbara,CA,93101,5250000,16,16.0,SB/WEST OF STATE,,17859,1964,23,,,Active,,,,https://www.redfin.com/CA/Santa-Barbara/1924-San-Pascual-St-93101/home/21594629,SBMLS,24-1428,N,Y,34.4244001,-119.7208582
MLS Listing,,Vacant Land,2108 Gibraltar Rd,Santa Barbara,CA,93105,2595000,,,Las Canoas/El Cielito,,79714,,23,,,Active,,,,https://www.redfin.com/CA/Santa-Barbara/2108-Gibraltar-Rd-93105/home/21604521,SBMLS,24-1392,N,Y,34.451919,-119.6887208
MLS Listing,,Single Family Residential,680 Cowles Rd,Montecito,CA,93108,7995000,5,4.0,MONTECITO,,37897,1991,24,,,Active,,,,https://www.redfin.com/CA/Santa-Barbara/680-Cowles-Rd-93108/home/21608298,SBMLS,24-1424,N,Y,34.4391055,-119.6596448
MLS Listing,,Multi-Family (2-4 Unit),208 W Arrellaga St,Santa Barbara,CA,93101,1895000,5,4.0,Westside,3587,9147,1904,24,528,,Active,,,,https://www.redfin.com/CA/Santa-Barbara/208-W-Arrellaga-St-93101/home/21601919,SBMLS,24-1420,N,Y,34.4249038,-119.7123559
MLS Listing,,Single Family Residential,705 Northview Rd,Santa Barbara,CA,93105,1289000,1,1.0,SB/WEST OF STATE,,6098,,25,,,Active,,,,https://www.redfin.com/CA/Santa-Barbara/705-Northview-Rd-93105/home/21589975,SBMLS,24-1401,N,Y,34.4307688,-119.7427288
MLS Listing,,Single Family Residential,1568 Franceschi,Santa Barbara,CA,93103,5595000,4,3.5,Riviera/Upper,3492,31798,1965,25,1602,,Active,,,,https://www.redfin.com/CA/Santa-Barbara/1568-Franceschi-Rd-93103/home/21605743,SBMLS,24-1396,N,Y,34.4408985,-119.6947742
MLS Listing,,Single Family Residential,3212 Calle Fresno,Santa Barbara,CA,93105,2795000,4,2.0,San Roque,2121,15681,1948,26,1318,,Active,,,,https://www.redfin.com/CA/Santa-Barbara/3212-Calle-Fresno-93105/home/21588711,SBMLS,24-1381,N,Y,34.4469175,-119.7333177
MLS Listing,,Single Family Residential,3773 Lincoln Rd,Santa Barbara,CA,93110,2650000,3,2.5,SB/EAST OF STATE,2205,8712,1984,26,1202,,Active,,,,https://www.redfin.com/CA/Santa-Barbara/3773-Lincoln-Rd-93110/home/21587503,SBMLS,24-1377,N,Y,34.4470556,-119.7461573
MLS Listing,,Vacant Land,416 Ranchito Vista Rd,Santa Barbara,CA,93108,1650000,,,MONTECITO,,55756,,26,,,Active,,,,https://www.redfin.com/CA/Santa-Barbara/416-Ranchita-Vista-Rd-93108/home/22853063,SBMLS,24-1371,N,Y,34.437138,-119.674539
MLS Listing,,Vacant Land,171 Evans Ave,Summerland,CA,93067,1850000,,,Summerland,,24829,,26,,,Active,,,,https://www.redfin.com/CA/Summerland/171-Evans-Ave-93067/home/22855688,SBMLS,24-962,N,Y,34.42375,-119.601821
MLS Listing,,Single Family Residential,1026 Cheltenham Rd,Santa Barbara,CA,93105,1895000,3,2.0,Mission Canyon,1813,8712,1960,26,1045,,Active,,,,https://www.redfin.com/CA/Santa-Barbara/1026-Cheltenham-Rd-93105/home/21604715,SBMLS,24-1369,N,Y,34.4513042,-119.7132648
MLS Listing,,Single Family Residential,840 Riven Rock Rd,Montecito,CA,93108,7495000,4,3.5,MONTECITO,3960,50965,1970,26,1893,,Active,,,,https://www.redfin.com/CA/Santa-Barbara/840-Riven-Rock-Rd-93108/home/21608408,SBMLS,24-1366,N,Y,34.4476042,-119.6464935
MLS Listing,,Townhouse,1362 Plaza Pacifica,Montecito,CA,93108,2195000,1,1.5,MONTECITO,911,,1965,26,2409,,Active,,,,https://www.redfin.com/CA/Santa-Barbara/1362-Plaza-Pacifica-93108/home/21609169,SBMLS,24-1364,N,Y,34.417018,-119.639044
MLS Listing,,Single Family Residential,234 Cordova Dr,Santa Barbara,CA,93109,3395000,3,2.0,Mesa,1565,7840,1958,26,2169,,Active,May-26-2024 02:00 PM,May-26-2024 04:00 PM,,https://www.redfin.com/CA/Santa-Barbara/234-Cordova-Dr-93109/home/21593333,SBMLS,24-1337,N,Y,34.3986971,-119.7185997
MLS Listing,,Single Family Residential,2125 Ten Acre Rd,Montecito,CA,93108,11200000,4,3.0,Birnam Wood,3714,60984,,27,3016,,Active,,,,https://www.redfin.com/CA/Santa-Barbara/2125-Ten-Acre-Rd-93108/home/21610343,SBMLS,24-1354,N,Y,34.4332372,-119.606751
MLS Listing,,Single Family Residential,2300 Garden St,Santa Barbara,CA,93105,50000000,0,16.0,SB/EAST OF STATE,123764,,1899,27,404,,Active,,,,https://www.redfin.com/CA/Santa-Barbara/2300-Garden-St-93105/home/190630125,SBMLS,24-1353,N,Y,34.4368978,-119.7150978
MLS Listing,,Single Family Residential,2697 Montrose Pl,Santa Barbara,CA,93105,2695000,4,3.0,Mission Canyon,2322,9583,1963,27,1161,,Active,,,,https://www.redfin.com/CA/Santa-Barbara/2697-Montrose-Pl-93105/home/21605214,SBMLS,24-1268,N,Y,34.4528479,-119.7119325
MLS Listing,,Single Family Residential,920 Chelham Way,Montecito,CA,93108,2395000,3,2.0,MONTECITO,1449,20908,1963,27,1653,,Active,May-29-2024 11:00 AM,May-29-2024 01:00 PM,,https://www.redfin.com/CA/Santa-Barbara/920-Chelham-Way-93108/home/21609222,SBMLS,24-1343,N,Y,34.4434709,-119.6667063
MLS Listing,,Single Family Residential,215 E Alamar Ave,Santa Barbara,CA,93105,2025000,3,2.0,SB/EAST OF STATE,,6969,1949,30,,,Active,,,,https://www.redfin.com/CA/Santa-Barbara/215-E-Alamar-Ave-93105/home/21587683,SBMLS,24-1328,N,Y,34.4418603,-119.7249989
MLS Listing,,Single Family Residential,967 Garcia Rd,Santa Barbara,CA,93103,3395000,5,3.0,Riviera/Lower,1984,13939,1946,30,1711,,Active,,,,https://www.redfin.com/CA/Santa-Barbara/967-Garcia-Rd-93103/home/21600330,SBMLS,24-1327,N,Y,34.4332469,-119.6915788
MLS Listing,,Condo/Co-op,1220 Coast Village Rd #303,Montecito,CA,93108,1549000,2,2.0,MONTECITO,1209,,1971,31,1281,,Active,,,,https://www.redfin.com/CA/Santa-Barbara/1220-Coast-Village-Rd-93108/unit-303/home/21608927,SBMLS,24-1309,N,Y,34.4213554,-119.6429879
MLS Listing,,Single Family Residential,2671 Painted Cave Rd,Santa Barbara,CA,93105,4900000,5,4.5,SB/GOL NORTH,,4442,1996,31,,,Active,,,,https://www.redfin.com/CA/Santa-Barbara/2671-Painted-Cave-Rd-93105/home/23424958,SBMLS,24-1304,N,Y,34.5004005,-119.7910917
MLS Listing,,Single Family Residential,1556 La Vista Rd,Santa Barbara,CA,93110,5995000,4,5.0,San Roque/Above Foothill,6008,304920,2011,32,998,,Active,,,,https://www.redfin.com/CA/Santa-Barbara/1556-La-Vista-Rd-93110/home/21526977,SBMLS,24-1293,N,Y,34.4683106,-119.751486
MLS Listing,,Condo/Co-op,380 San Ricardo Dr,Santa Barbara,CA,93111,969000,2,1.0,SB/GOL SOUTH,1210,,1982,32,801,,Active,,,,https://www.redfin.com/CA/Santa-Barbara/380-San-Ricardo-Dr-93111/home/21582120,SBMLS,24-1292,N,Y,34.4324765,-119.8056837
MLS Listing,,Multi-Family (5+ Unit),419 W Islay St,Santa Barbara,CA,93101,3125000,96,64.0,SB/WEST OF STATE,,11325,1964,32,,,Active,,,,https://www.redfin.com/CA/Santa-Barbara/419-W-Islay-St-93101/home/21602162,SBMLS,24-1289,N,Y,34.4240046,-119.71699
MLS Listing,,Multi-Family (5+ Unit),1605 Bath St,Santa Barbara,CA,93101,3150000,90,90.0,SB/WEST OF STATE,,19602,,32,,,Active,,,,https://www.redfin.com/CA/Santa-Barbara/1605-Bath-St-93101/home/21601938,SBMLS,24-1288,N,Y,34.423919,-119.7134064
MLS Listing,,Single Family Residential,4660 Via Huerto,Santa Barbara,CA,93110,17900000,5,6.5,Hope Ranch,7588,159865,2008,33,2359,,Active,,,,https://www.redfin.com/CA/Santa-Barbara/4660-Via-Huerto-93110/home/21583668,SBMLS,24-1276,N,Y,34.4267863,-119.7834825
MLS Listing,,Single Family Residential,1761 Calle Poniente,Santa Barbara,CA,93101,2149000,3,2.0,Westside,1997,7840,1983,34,1076,,Active,,,,https://www.redfin.com/CA/Santa-Barbara/1761-Calle-Poniente-93101/home/21596130,SBMLS,24-1259,N,Y,34.4147639,-119.7311433
MLS Listing,,Single Family Residential,888 Lilac Dr,Montecito,CA,93108,29995000,6,7.0,MONTECITO,13599,90604,2006,34,2206,,Active,,,,https://www.redfin.com/CA/Santa-Barbara/888-Lilac-Dr-93108/home/21611206,SBMLS,24-1255,N,Y,34.4454504,-119.6032179
MLS Listing,,Single Family Residential,849 Ashley Rd,Montecito,CA,93108,13400000,6,5.0,MONTECITO,5126,44866,1999,37,2614,,Active,,,,https://www.redfin.com/CA/Santa-Barbara/849-Ashley-Rd-93108/home/21608801,SBMLS,24-1247,N,Y,34.4480776,-119.6512969
MLS Listing,,Single Family Residential,1893 Eucalyptus Hill Rd,Montecito,CA,93108,16500000,4,5.0,MONTECITO,6314,44866,2020,37,2613,,Active,,,,https://www.redfin.com/CA/Santa-Barbara/1893-Eucalyptus-Hill-Rd-93108/home/21607779,SBMLS,24-1240,N,Y,34.4338395,-119.6674868
MLS Listing,,Single Family Residential,1210 Carpinteria St,Santa Barbara,CA,93103,1800000,3,2.5,SB/EAST OF STATE,1526,11325,1971,37,1180,,Active,,,,https://www.redfin.com/CA/Santa-Barbara/1210-Carpinteria-St-93103/home/21606513,SBMLS,24-1236,N,Y,34.4241192,-119.6737049
MLS Listing,,Single Family Residential,28 Rosemary Ln,Santa Barbara,CA,93108,2250000,3,2.0,Eucalyptus Hill,1300,,1958,38,1731,,Active,May-26-2024 01:00 PM,May-26-2024 04:00 PM,,https://www.redfin.com/CA/Santa-Barbara/28-Rosemary-Ln-93108/home/21607498,SBMLS,24-1231,N,Y,34.4336388,-119.6709521
MLS Listing,,Single Family Residential,"0 Santa Barbara Hbr #Marina 3c, Slip St-13",Santa Barbara,CA,93109,3999000,2,1.0,SB/WEST OF STATE,,,1971,38,,,Active,,,,https://www.redfin.com/CA/Santa-Barbara/Santa-Barbara-HBR-93109/unit-Marina-3c-Slip-St-13/home/190549908,SBMLS,24-1228,N,Y,34.40672,-119.692887
MLS Listing,,Single Family Residential,"0 Santa Barbara Harbor, Marina 3c, Slip St-13",Santa Barbara,CA,93109,3999000,2,1.0,Santa Barbara,,800,1971,38,,,Active,,,,https://www.redfin.com/CA/Santa-Barbara/132-A-Harbor-Way-93109/home/187523316,TheMLS,24-381849,N,Y,34.4036291,-119.6931225
MLS Listing,,Single Family Residential,936 Camino Del Retiro,Santa Barbara,CA,93110,3795000,6,4.0,Rancho San Antonio,3467,18730,1995,38,1095,,Active,,,,https://www.redfin.com/CA/Santa-Barbara/936-Camino-del-Retiro-93110/home/21585247,SBMLS,24-1220,N,Y,34.4532507,-119.7755046
MLS Listing,,Single Family Residential,2401 Medcliff Rd,Santa Barbara,CA,93109,7770000,3,2.5,SB/WEST OF STATE,1312,7800,1976,38,5922,,Active,,,,https://www.redfin.com/CA/Santa-Barbara/2401-Medcliff-Rd-93109/home/21595082,SBMLS,24-1219,N,Y,34.3989172,-119.7309614
MLS Listing,,Single Family Residential,917 Cheltenham Rd,Santa Barbara,CA,93105,2695000,4,4.0,Mission Canyon,2764,19602,1978,39,975,,Active,,,,https://www.redfin.com/CA/Santa-Barbara/917-Cheltenham-Rd-93105/home/21604665,SBMLS,24-1216,N,Y,34.44914,-119.7204666
MLS Listing,,Condo/Co-op,101 Oceano Ave #12,Santa Barbara,CA,93109,1139000,2,2.0,Mesa,892,,1959,39,1277,,Active,,,,https://www.redfin.com/CA/Santa-Barbara/101-Oceano-Ave-93109/unit-12/home/21592272,SBMLS,24-1214,N,Y,34.4018065,-119.7018512
MLS Listing,,Vacant Land,4343 Marina Dr,Santa Barbara,CA,93110,15995000,,,Hope Ranch,,105415,,39,,,Active,,,,https://www.redfin.com/CA/Santa-Barbara/4343-Marina-Dr-93110/home/21584515,SBMLS,24-1209,N,Y,34.4114438,-119.7692248
MLS Listing,,Single Family Residential,803 Bath St,Santa Barbara,CA,93101,2695000,4,3.0,15 or Downtown,2142,3920,1906,39,1258,,Active,,,,https://www.redfin.com/CA/Santa-Barbara/803-Bath-St-93101/home/21598335,SBMLS,24-1208,N,Y,34.4163931,-119.7030098
MLS Listing,,Single Family Residential,1118 N Patterson Ave,Santa Barbara,CA,93111,3195000,4,4.0,SB/EAST OF STATE,2735,10454,2020,39,1168,,Active,,,,https://www.redfin.com/CA/Santa-Barbara/1118-N-Patterson-Ave-93111/home/167254157,SBMLS,24-1201,N,Y,34.4586018,-119.8143212
MLS Listing,,Condo/Co-op,4012 Invierno Dr #B,Santa Barbara,CA,93110,1149500,2,2.0,SB/EAST OF STATE,957,871,1987,39,1201,,Active,,,,https://www.redfin.com/CA/Santa-Barbara/4012-Invierno-Dr-93110/unit-B/home/21585961,SBMLS,24-1192,N,Y,34.4471176,-119.7566732
MLS Listing,,Vacant Land,4101 Mariposa Dr,Santa Barbara,CA,93110,4495000,,,Hope Ranch,,60984,,40,,,Active,,,,https://www.redfin.com/CA/Santa-Barbara/4101-Mariposa-Dr-93110/home/21583319,SBMLS,24-1190,N,Y,34.411133,-119.7579992
MLS Listing,,Single Family Residential,2929 Selwyn Cir,Santa Barbara,CA,93105,3495000,3,2.5,Mission Canyon,,12632,1987,40,,,Active,May-26-2024 01:00 PM,May-26-2024 04:00 PM,,https://www.redfin.com/CA/Santa-Barbara/2929-Selwyn-Cir-93105/home/21603928,SBMLS,24-1177,N,Y,34.4485285,-119.7227184
MLS Listing,,Single Family Residential,448 Court Pl,Montecito,CA,93108,7495000,2,2.5,Hedgerow,2643,43995,1980,40,2836,,Active,,,,https://www.redfin.com/CA/Santa-Barbara/448-Court-Pl-93108/home/21610313,SBMLS,24-1173,N,Y,34.4340164,-119.6282138
MLS Listing,,Townhouse,3744 Greggory Way #7,Santa Barbara,CA,93105,1679000,3,2.0,SB/WEST OF STATE,1515,871,1988,40,1108,,Active,,,"A truly stunning, recently updated luxury home located in the prestigious Franciscan Villas Community. This exceptional end unit is nestled in the back of the community, offering unparalleled privacy and a one-of-a-kind living experience. As you step into this exquisite property, you'll be captivated by the most exquisite finishes and high-end appliances throughout. The spacious living area boasts large windows that allow plenty of natural light to flow in, complemented by a warm and inviting color scheme that creates a serene and welcoming atmosphere. The open floor plan seamlessly connects the living, dining, and kitchen areas, perfect for entertaining guests or enjoying a quiet evening at home. The gourmet kitchen is a chef's dream, featuring top-of-the-line stainless appliances, custom cabinetry, and a large counter perfect for meal prep or casual dining. The luxurious master suite offers a peaceful retreat with its spa-like en suite bathroom featuring a soaking tub, separate shower, and dual vanity sinks. Additional features of this remarkable property include a private patio, perfect for enjoying Santa Barbara's beautiful weather, and access to community amenities such as a pool, making it the ideal place to call home. Don't miss the opportunity to own this one-of-a-kind property in one of Santa Barbara's most sought-after neighborhoods. Schedule a private showing today to experience the luxury and privacy of 3744 Greggory Way for yourself.",https://www.redfin.com/CA/Santa-Barbara/3744-Greggory-Way-93105/unit-7/home/21590247,SBMLS,24-1172,N,Y,34.4361792,-119.7426643
MLS Listing,,Multi-Family (2-4 Unit),640 W Ortega St,Santa Barbara,CA,93101,2995000,14,7.0,Westside,870,67518,1979,40,3443,,Active,,,,https://www.redfin.com/CA/Santa-Barbara/640-W-Ortega-St-93101/home/21599138,SBMLS,24-1171,N,Y,34.41155,-119.7063481
MLS Listing,,Single Family Residential,935 Coyote Rd,Montecito,CA,93108,4795000,6,6.0,MONTECITO,4395,43996,2018,41,1091,,Active,,,,https://www.redfin.com/CA/Santa-Barbara/935-Coyote-Rd-93108/home/21605280,SBMLS,24-1165,N,Y,34.4503336,-119.6714907
MLS Listing,,Condo/Co-op,555 E Arrellaga St #3,Santa Barbara,CA,93103,1695000,3,2.0,Upper Eastside,1410,,1985,44,1202,,Active,,,,https://www.redfin.com/CA/Santa-Barbara/555-E-Arrellaga-St-93103/unit-3/home/21601047,SBMLS,24-1130,N,Y,34.4338966,-119.7030592
MLS Listing,,Single Family Residential,1122 Camino Viejo Rd,Montecito,CA,93108,5200000,3,3.5,MONTECITO,3216,37897,1974,44,1617,,Active,May-26-2024 12:00 PM,May-26-2024 06:00 PM,,https://www.redfin.com/CA/Santa-Barbara/1122-Camino-Viejo-93108/home/21608599,SBMLS,24-1103,N,Y,34.4338725,-119.6489621
MLS Listing,,Single Family Residential,2460 Golden Gate Ave,Santa Barbara,CA,93067,3400000,5,4.5,Summerland,2341,13503,1986,45,1452,,Active,May-26-2024 01:00 PM,May-26-2024 04:00 PM,,https://www.redfin.com/CA/Summerland/2460-Golden-Gate-Ave-93067/home/21612073,SBMLS,24-1121,N,Y,34.4219311,-119.5947182
MLS Listing,,Single Family Residential,1483 Camino Rio Verde,Santa Barbara,CA,93111,2395000,4,2.0,Rancho Del Ciervo,2354,15246,1971,45,1017,,Active,May-26-2024 02:00 PM,May-26-2024 04:00 PM,,https://www.redfin.com/CA/Santa-Barbara/1483-Camino-Rio-Verde-93111/home/21578731,SBMLS,24-1113,N,Y,34.4664435,-119.8194235
MLS Listing,,Single Family Residential,450 El Cielito Rd,Santa Barbara,CA,93105,5700000,4,4.5,Las Canoas/El Cielito,5215,43560,1997,47,1093,,Active,,,,https://www.redfin.com/CA/Santa-Barbara/450-El-Cielito-Rd-93105/home/21604312,SBMLS,24-1091,N,Y,34.4538365,-119.6929307
MLS Listing,,Single Family Residential,2775 Sycamore Canyon Rd,Montecito,CA,93108,6495000,4,3.0,MONTECITO,1254,43560,1930,47,5179,,Active,,,,https://www.redfin.com/CA/Santa-Barbara/2775-Sycamore-Canyon-Rd-93108/home/21608690,SBMLS,24-1090,N,Y,34.434763,-119.6462418
MLS Listing,,Single Family Residential,796 Hot Springs Rd,Montecito,CA,93108,12400000,4,3.5,MONTECITO,4196,44431,2000,47,2955,,Active,,,,https://www.redfin.com/CA/Santa-Barbara/796-Hot-Springs-Rd-93108/home/21609096,SBMLS,24-1077,N,Y,34.4460163,-119.6414048
MLS Listing,,Multi-Family (2-4 Unit),509 Brinkerhoff Ave,Santa Barbara,CA,93101,1900000,4,4.0,SB/WEST OF STATE,,6098,,48,,,Active,,,,https://www.redfin.com/CA/Santa-Barbara/509-Brinkerhoff-Ave-93101/home/190417524,SBMLS,24-1069,N,Y,34.415233,-119.6979196
MLS Listing,,Multi-Family (2-4 Unit),507 Brinkerhoff Ave,Santa Barbara,CA,93101,1775000,6,2.5,15 or Downtown,,6098,,48,,,Active,,,,https://www.redfin.com/CA/Santa-Barbara/507-Brinkerhoff-Ave-93101/home/21598285,SBMLS,24-1068,N,Y,34.4151179,-119.6977952
MLS Listing,,Single Family Residential,1615 La Vista Del Oceano,Santa Barbara,CA,93109,8650000,4,4.5,Mesa,5566,13503,1994,48,1554,,Active,,,,https://www.redfin.com/CA/Santa-Barbara/1615-La-Vista-del-Oceano-93109/home/21598890,SBMLS,24-1066,N,Y,34.4032192,-119.7163394
MLS Listing,,Single Family Residential,2827-2829 Serena Rd,Santa Barbara,CA,93105,2399000,4,2.0,Samarkand,1080,7840,1930,48,2221,,Active,,,,https://www.redfin.com/CA/Santa-Barbara/2827-Serena-Rd-93105/home/143302418,SBMLS,24-1062,N,Y,34.4361868,-119.7276886
MLS Listing,,Single Family Residential,881 N Kellogg Ave,Santa Barbara,CA,93111,1695000,4,2.5,Mountain View,2242,8276,1969,51,756,,Active,,,,https://www.redfin.com/CA/Santa-Barbara/881-N-Kellogg-Ave-93111/home/21577547,SBMLS,24-1049,N,Y,34.4550258,-119.8136237
MLS Listing,,Single Family Residential,1460 Twinridge Rd,Santa Barbara,CA,93111,4799000,4,4.5,SB/GOL NORTH,3878,39204,1996,51,1237,,Active,,,,https://www.redfin.com/CA/Santa-Barbara/1460-Twinridge-Rd-93111/home/21527034,SBMLS,24-1039,N,Y,34.4667995,-119.7989237
MLS Listing,,Single Family Residential,1804 Lighthouse Way,Santa Barbara,CA,93109,3795000,4,3.0,Mesa,2577,8276,2019,51,1473,,Active,,,,https://www.redfin.com/CA/Santa-Barbara/1804-Lighthouse-Way-93109/home/109613114,SBMLS,24-1035,N,Y,34.3987894,-119.7218586
MLS Listing,,Single Family Residential,987 Cheltenham Rd,Santa Barbara,CA,93105,2500000,3,3.0,SB/EAST OF STATE,2203,9583,1948,51,1135,,Active,,,,https://www.redfin.com/CA/Santa-Barbara/987-Cheltenham-Rd-93105/home/21605222,SBMLS,24-1031,N,Y,34.4496597,-119.7150929
MLS Listing,,Single Family Residential,4828 Glenn Rd,Santa Barbara,CA,93105,1750000,3,1.5,SB/EAST OF STATE,1260,21344,1977,52,1389,,Active,,,,https://www.redfin.com/CA/Santa-Barbara/4828-Glenn-Rd-93105/home/21527395,SBMLS,24-1022,N,Y,34.503692,-119.7893884
MLS Listing,,Single Family Residential,2868 E Valley Rd,Montecito,CA,93108,4495000,3,2.0,Hidden Valley,,43560,1960,52,,,Active,,,,https://www.redfin.com/CA/Santa-Barbara/2868-E-Valley-Rd-93108/home/21526794,SBMLS,24-1019,N,Y,34.4377326,-119.5765658
MLS Listing,,Multi-Family (2-4 Unit),1232 Quinientos St,Santa Barbara,CA,93103,1825000,6,3.0,SB/EAST OF STATE,1532,7840,1925,53,1191,,Active,,,,https://www.redfin.com/CA/Santa-Barbara/1232-Quinientos-St-93103/home/21606569,SBMLS,24-1017,N,Y,34.4254201,-119.6745743
MLS Listing,,Single Family Residential,1710 Cliff Dr,Santa Barbara,CA,93109,1699000,3,1.0,Mesa,1248,8276,1952,54,1361,,Active,May-26-2024 01:00 PM,May-26-2024 04:00 PM,,https://www.redfin.com/CA/Santa-Barbara/1710-Cliff-Dr-93109/home/21598928,SBMLS,24-996,N,Y,34.4011891,-119.7189569
MLS Listing,,Single Family Residential,5801 W Camino Cielo,Santa Barbara,CA,93105,1595000,3,2.5,SB/EAST OF STATE,1760,124146,1989,55,906,,Active,,,,https://www.redfin.com/CA/Santa-Barbara/5801-W-Camino-Cielo-93105/home/21527440,SBMLS,24-961,N,Y,34.5029472,-119.8254662
MLS Listing,,Single Family Residential,290 Sheffield Dr,Santa Barbara,CA,93108,10975000,5,5.5,MONTECITO,5608,56628,2000,58,1957,,Active,,,,https://www.redfin.com/CA/Santa-Barbara/290-Sheffield-Dr-93108/home/21611804,SBMLS,24-948,N,Y,34.4262817,-119.6103377
MLS Listing,,Single Family Residential,714 Surf View Dr,Santa Barbara,CA,93109,1849000,3,2.0,Mesa,1474,10454,1958,60,1254,,Active,,,,https://www.redfin.com/CA/Santa-Barbara/714-Surf-View-Dr-93109/home/21599300,SBMLS,24-935,N,Y,34.4066965,-119.7215419
MLS Listing,,Single Family Residential,1708 La Vista Del Oceano,Santa Barbara,CA,93109,8990000,4,4.5,Mesa,5042,44866,2012,60,1783,,Active,,,,https://www.redfin.com/CA/Santa-Barbara/1708-La-Vista-del-Oceano-93109/home/23413133,SBMLS,24-930,N,Y,34.4038408,-119.7146401
MLS Listing,,Single Family Residential,1502 E Mountain Dr,Montecito,CA,93108,21900000,5,6.0,MONTECITO,8528,92347,1992,60,2568,,Active,,,,https://www.redfin.com/CA/Santa-Barbara/1502-E-Mountain-Dr-93108/home/21609117,SBMLS,24-919,N,Y,34.4478932,-119.6297036
MLS Listing,,Single Family Residential,20 Camino Alto,Santa Barbara,CA,93103,7495000,4,4.0,Riviera/Upper,4090,56628,2023,64,1833,,Active,,,,https://www.redfin.com/CA/Santa-Barbara/20-Camino-Alto-93103/home/21605097,SBMLS,24-900,N,Y,34.4400763,-119.6816332
MLS Listing,,Condo/Co-op,34 Seaview Dr,Santa Barbara,CA,93108,4395000,2,2.0,Santa Barbara,1731,1742,1974,65,2539,,Active,,,,https://www.redfin.com/CA/Santa-Barbara/34-Seaview-Dr-93108/home/21609353,SBMLS,24-891,N,Y,34.4169115,-119.6373473
MLS Listing,,Single Family Residential,3940 Paradise Rd,Santa Barbara,CA,93105,3850000,3,2.0,Paradise Canyon,,6809735,,65,,,Active,,,,https://www.redfin.com/CA/Santa-Barbara/3940-Paradise-Rd-93105/home/49809216,SBMLS,24-868,N,Y,34.5362241,-119.7822988
MLS Listing,,Single Family Residential,1369 Danielson Rd,Montecito,CA,93108,6050000,6,6.0,MONTECITO,2736,10018,1974,68,2211,,Active,,,,https://www.redfin.com/CA/Santa-Barbara/1369-Danielson-Rd-93108/home/21609898,SBMLS,24-854,N,Y,34.4204561,-119.636447
MLS Listing,,Single Family Residential,843 Park Hill Ln,Montecito,CA,93108,14200000,4,5.0,MONTECITO,6038,192535,2023,68,2352,,Active,,,,https://www.redfin.com/CA/Santa-Barbara/843-Park-Hill-Ln-93108/home/21611274,SBMLS,24-853,N,Y,34.4494752,-119.61801
MLS Listing,,Multi-Family (2-4 Unit),1416 Laguna St,Santa Barbara,CA,93101,1995000,3,5.0,15 or Downtown,,7405,1888,69,,,Active,,,,https://www.redfin.com/CA/Santa-Barbara/1416-Laguna-St-93101/home/21601453,SBMLS,24-836,N,Y,34.4300739,-119.7029213
MLS Listing,,Single Family Residential,670 Romero Canyon Rd,Montecito,CA,93108,3950000,3,2.5,MONTECITO,1409,40511,1946,72,2803,,Active,,,,https://www.redfin.com/CA/Santa-Barbara/670-Romero-Canyon-Rd-93108/home/21527530,SBMLS,24-813,N,Y,34.4389991,-119.6012361
MLS Listing,,Timeshare,1 Miramar Ave #- Share 1,Montecito,CA,93108,1500000,4,4.5,MONTECITO,,,1885,72,,,Active,,,,https://www.redfin.com/CA/Montecito/1-Miramar-Ave-93108/unit-Share-1/home/190187851,SBMLS,24-790,N,Y,34.4201085,-119.6311268
MLS Listing,,Single Family Residential,,Santa Barbara,CA,93110,40000000,5,5.0,,,209523,2012,73,,,Active,,,,https://www.redfin.com/CA/Santa-Barbara/Undisclosed-address-93110/home/21583915,SBMLS,24-799,N,Y,34.4199718,-119.7658586
MLS Listing,,Single Family Residential,2815 E Valley Rd,Montecito,CA,93108,5999000,6,6.5,Montecito,6333,41382,1960,74,947,,Active,,,,https://www.redfin.com/CA/Montecito/2815-E-Valley-Rd-93108/home/21612383,TheMLS,24-365877,N,Y,34.435868,-119.578766
MLS Listing,,Single Family Residential,819 Ashley Rd,Santa Barbara,CA,93108,14950000,6,6.0,MONTECITO,4751,83635,,75,3147,,Active,,,,https://www.redfin.com/CA/Santa-Barbara/819-Ashley-Rd-93108/home/21608785,SBMLS,24-768,N,Y,34.4470916,-119.6509575
MLS Listing,,Single Family Residential,1965 San Leandro Ln,Montecito,CA,93108,7995000,4,3.5,MONTECITO,2471,31798,1912,76,3236,,Active,,,,https://www.redfin.com/CA/Santa-Barbara/1965-San-Leandro-Ln-93108/home/21610479,SBMLS,24-348,N,Y,34.4242098,-119.6143195
MLS Listing,,Multi-Family (5+ Unit),1362 Danielson Rd,Santa Barbara,CA,93108,8995000,12,9.0,Montecito,,7841,1956,76,,,Active,,,,https://www.redfin.com/CA/Santa-Barbara/1362-Danielson-Rd-93108/home/21609910,TheMLS,24-366737,N,Y,34.4202799,-119.6372553
MLS Listing,,Vacant Land,4640 Via Bendita,Santa Barbara,CA,93110,3995000,,,Hope Ranch,,99,,81,,,Active,,,,https://www.redfin.com/CA/Santa-Barbara/4640-Via-Bendita-93110/home/22851132,SBMLS,24-693,N,Y,34.422605,-119.781848
MLS Listing,,Single Family Residential,1060 Monte Dr,Santa Barbara,CA,93110,3325000,3,2.0,Hope Ranch,2125,43560,1950,82,1565,,Active,,,,https://www.redfin.com/CA/Santa-Barbara/1060-Monte-Dr-93110/home/21583954,SBMLS,24-688,N,Y,34.4233671,-119.7590765
MLS Listing,,Single Family Residential,645 Olive Rd,Montecito,CA,93108,9500000,4,6.0,MONTECITO,5424,59677,1929,83,1751,,Active,,,,https://www.redfin.com/CA/Santa-Barbara/645-Olive-Rd-93108/home/21610919,SBMLS,24-674,N,Y,34.4401178,-119.6105915
MLS Listing,,Single Family Residential,4558 Via Esperanza,Santa Barbara,CA,93110,15750000,5,5.5,Hope Ranch,5098,145926,1979,83,3089,,Active,,,,https://www.redfin.com/CA/Santa-Barbara/4558-Via-Esperanza-93110/home/21583667,SBMLS,24-649,N,Y,34.4260918,-119.7800857
MLS Listing,,Single Family Residential,111 Crestview Ln,Montecito,CA,93108,3200000,4,3.0,MONTECITO,2783,,1978,83,1150,,Active,May-26-2024 01:00 PM,May-26-2024 04:00 PM,,https://www.redfin.com/CA/Santa-Barbara/111-Crestview-Ln-93108/home/21607811,SBMLS,24-652,N,Y,34.4394383,-119.6712684
MLS Listing,,Vacant Land,1385 Oak Creek Canyon Rd,Montecito,CA,93108,4650000,,,MONTECITO,,273121,,87,,,Active,,,,https://www.redfin.com/CA/Santa-Barbara/1385-Oak-Creek-Canyon-Rd-93108/home/15073319,SBMLS,24-636,N,Y,34.449811,-119.631958
MLS Listing,,Single Family Residential,2267 Featherhill Rd,Montecito,CA,93108,7850000,7,7.5,MONTECITO,5662,36154,2002,89,1386,,Active,,,,https://www.redfin.com/CA/Santa-Barbara/2267-Featherhill-Rd-93108/home/21526739,SBMLS,24-600,N,Y,34.4394986,-119.5975509
MLS Listing,,Vacant Land,46 Camino Alto,Santa Barbara,CA,93103,929000,,,Riviera/Upper,,425581,,89,,,Active,,,,https://www.redfin.com/CA/Santa-Barbara/46-Camino-Alto-93103/home/23412667,SBMLS,24-596,N,Y,34.4414775,-119.6805525
MLS Listing,,Single Family Residential,1530 Miramar Ln,Santa Barbara,CA,93108,5995000,4,4.0,Hedgerow,,13939,1938,90,,,Active,,,,https://www.redfin.com/CA/Santa-Barbara/1530-Miramar-Ln-93108/home/21610553,SBMLS,24-580,N,Y,34.4233704,-119.6278441
MLS Listing,,Single Family Residential,821 & 823 E Pedregosa St,Santa Barbara,CA,93103,3995000,7,6.0,Riviera/Lower,2127,6534,1915,90,1878,,Active,May-26-2024 02:00 PM,May-26-2024 04:00 PM,,https://www.redfin.com/CA/Santa-Barbara/821-E-Pedregosa-St-93103/home/21602736,SBMLS,24-577,N,Y,34.4377938,-119.7065182
MLS Listing,,Single Family Residential,1946 E Valley Rd,Montecito,CA,93108,11950000,5,9.0,MONTECITO,7897,44866,2002,91,1513,,Active,,,,https://www.redfin.com/CA/Santa-Barbara/1946-E-Valley-Rd-93108/home/21610912,SBMLS,24-565,N,Y,34.4407492,-119.6130636
MLS Listing,,Multi-Family (5+ Unit),1502 San Pascual St,Santa Barbara,CA,93101,15900000,,2025.0,SB/WEST OF STATE,,43560,1972,93,,,Active,,,,https://www.redfin.com/CA/Santa-Barbara/1502-San-Pascual-St-93101/home/21593711,SBMLS,24-571,N,Y,34.4207383,-119.7150801
MLS Listing,,Single Family Residential,900 Moreno Rd,Santa Barbara,CA,93103,3995000,4,4.0,Riviera/Lower,4212,16988,1974,93,948,,Active,May-26-2024 01:00 PM,May-26-2024 04:00 PM,,https://www.redfin.com/CA/Santa-Barbara/900-Moreno-Rd-93103/home/15070767,SBMLS,24-537,N,Y,34.4379482,-119.703192
MLS Listing,,Single Family Residential,501 Hodges Ln,Montecito,CA,93108,6250000,3,3.5,MONTECITO,3055,27442,1996,94,2046,,Active,,,,https://www.redfin.com/CA/Santa-Barbara/501-Hodges-Ln-93108/home/21608469,SBMLS,24-563,N,Y,34.4373398,-119.6304859
MLS Listing,,Vacant Land,1240 W Micheltorena St,Santa Barbara,CA,93101,849000,,,Westside,,6098,,95,,,Active,,,,https://www.redfin.com/CA/Santa-Barbara/1240-W-Micheltorena-St-93101/home/23412038,SBMLS,24-555,N,Y,34.413252,-119.721157
MLS Listing,,Single Family Residential,4400 Via Abrigada,Santa Barbara,CA,93110,88000000,4,5.5,Hope Ranch,7265,483515,1961,96,12113,,Active,,,,https://www.redfin.com/CA/Santa-Barbara/4400-Via-Abrigada-93110/home/21583660,SBMLS,24-534,N,Y,34.4225462,-119.7732399
MLS Listing,,Multi-Family (2-4 Unit),330 W Canon Perdido St,Santa Barbara,CA,93101,3600000,12,12.0,15 or Downtown,2700,5000,2011,99,1333,,Active,,,,https://www.redfin.com/CA/Santa-Barbara/330-W-Canon-Perdido-St-93101/home/21596331,SBMLS,24-507,N,Y,34.4165388,-119.7051465
MLS Listing,,Single Family Residential,1121 Las Alturas Rd,Santa Barbara,CA,93103,5395000,5,4.5,Riviera/Upper,4549,74052,1933,99,1186,,Active,,,,https://www.redfin.com/CA/Santa-Barbara/1121-Las-Alturas-Rd-93103/home/21605389,SBMLS,24-435,N,Y,34.4405857,-119.6838439
MLS Listing,,Townhouse,765 Cathedral Pointe Ln,Santa Barbara,CA,93111,1449000,3,2.0,SB/GOL NORTH,1615,4511,1997,101,897,,Active,May-26-2024 01:00 PM,May-26-2024 04:00 PM,,https://www.redfin.com/CA/Santa-Barbara/765-Cathedral-Pointe-Ln-93111/home/21577314,SBMLS,24-395,N,Y,34.4512694,-119.8086478
MLS Listing,,Vacant Land,000 Ladera Ln,Montecito,CA,93108,1750000,,,MONTECITO,,147233,,102,,,Active,,,,https://www.redfin.com/CA/Santa-Barbara/Ladera-Ln-93108/home/23412087,SBMLS,24-471,N,Y,34.449365,-119.575604
MLS Listing,,Single Family Residential,1310 Olive St,Santa Barbara,CA,93101,2275000,4,2.0,Upper Eastside,1921,,1923,103,1184,,Active,May-26-2024 01:00 PM,May-26-2024 04:00 PM,,https://www.redfin.com/CA/Santa-Barbara/1310-Olive-St-93101/home/21601891,SBMLS,24-351,N,Y,34.4300488,-119.7002534
MLS Listing,,Single Family Residential,109 Rametto Rd,Santa Barbara,CA,93108,17500000,5,12.0,MONTECITO,12692,48351,1923,106,1379,,Active,,,,https://www.redfin.com/CA/Santa-Barbara/109-Rametto-Rd-93108/home/21607038,SBMLS,24-62,N,Y,34.4273663,-119.656859
MLS Listing,,Single Family Residential,1212 E De la Guerra St,Santa Barbara,CA,93103,2995000,5,3.0,Riviera/Lower,3018,10018,1950,109,992,,Active,,,,https://www.redfin.com/CA/Santa-Barbara/1212-E-De-la-Guerra-St-93103/home/21599691,SBMLS,24-411,N,Y,34.4324923,-119.6853217
MLS Listing,,Single Family Residential,195 E Mountain Dr,Santa Barbara,CA,93108,4475000,4,4.0,SB/EAST OF STATE,4540,44431,1987,109,986,,Active,,,,https://www.redfin.com/CA/Santa-Barbara/195-E-Mountain-Dr-93108/home/21609252,SBMLS,24-410,N,Y,34.4516151,-119.6666799
MLS Listing,,Vacant Land,260 E Mountain Dr,Montecito,CA,93108,1490000,,,MONTECITO,,,,114,,,Active,,,,https://www.redfin.com/CA/Santa-Barbara/260-E-Mountain-Dr-93108/home/21608720,SBMLS,24-355,N,Y,34.456579,-119.6742029
MLS Listing,,Single Family Residential,266 E Mountain Dr,Montecito,CA,93108,5695000,3,4.5,MONTECITO,,,2024,115,,,Active,,,,https://www.redfin.com/CA/Santa-Barbara/266-E-Mountain-Dr-93108/home/21608718,SBMLS,24-347,N,Y,34.457029,-119.663764
MLS Listing,,Single Family Residential,1825 Stanwood Dr,Santa Barbara,CA,93103,2795000,3,3.5,SB/EAST OF STATE,2781,43560,1981,115,1005,,Active,,,,https://www.redfin.com/CA/Santa-Barbara/1825-Stanwood-Dr-93103/home/21604236,SBMLS,24-340,N,Y,34.4440329,-119.6753345
MLS Listing,,Multi-Family (2-4 Unit),1229 Bath St,Santa Barbara,CA,93101,1700000,12,9.0,15 or Downtown,2000,7405,1930,117,850,,Active,,,,https://www.redfin.com/CA/Santa-Barbara/1229-Bath-St-93101/home/21596757,SBMLS,24-327,N,Y,34.4207415,-119.7090644
MLS Listing,,Multi-Family (5+ Unit),1225/1227 Bath St,Santa Barbara,CA,93101,2800000,42,36.0,15 or Downtown,3500,10890,1905,117,800,,Active,,,,https://www.redfin.com/CA/Santa-Barbara/1225-Bath-St-93101/home/21596756,SBMLS,24-325,N,Y,34.4206338,-119.708949
MLS Listing,,Single Family Residential,3956 Foothill Rd,Santa Barbara,CA,93110,3395000,4,3.0,SB/EAST OF STATE,2397,19166,1955,117,1416,,Active,,,,https://www.redfin.com/CA/Santa-Barbara/3956-Foothill-Rd-93110/home/21587764,SBMLS,24-323,N,Y,34.4551298,-119.7532326
MLS Listing,,Townhouse,1321-A Danielson Rd,Santa Barbara,CA,93108,2695000,3,2.5,Hedgerow,1906,1227,1988,121,1414,,Active,,,,https://www.redfin.com/CA/Santa-Barbara/1321-Danielson-Rd-93108/home/190062392,SBMLS,24-296,N,Y,34.41917,-119.6388243
MLS Listing,,Multi-Family (5+ Unit),3432 Richland Dr,Santa Barbara,CA,93105,3295000,7,7.0,SB/WEST OF STATE,4707,9583,1962,121,700,,Active,,,,https://www.redfin.com/CA/Santa-Barbara/3432-Richland-Dr-93105/home/21590923,SBMLS,24-294,N,Y,34.4396257,-119.7384002
MLS Listing,,Single Family Residential,2920 Kenmore Pl,Santa Barbara,CA,93105,2190000,3,2.0,SB/EAST OF STATE,1233,11325,1949,124,1776,,Active,,,,https://www.redfin.com/CA/Santa-Barbara/2920-Kenmore-Pl-93105/home/21604701,SBMLS,24-263,N,Y,34.4500037,-119.7194641
MLS Listing,,Vacant Land,341 Hot Springs Rd,Santa Barbara,CA,93108,1495000,,,MONTECITO,,39204,,125,,,Active,,,,https://www.redfin.com/CA/Santa-Barbara/341-Hot-Springs-Rd-93108/home/21609884,SBMLS,24-247,N,Y,34.4303792,-119.6414382
MLS Listing,,Condo/Co-op,1395 Plaza de Sonadores,Montecito,CA,93108,3995000,2,2.5,MONTECITO,1508,,1965,125,2649,,Active,,,,https://www.redfin.com/CA/Santa-Barbara/1395-Plaza-de-Sonadores-93108/home/21609174,SBMLS,24-241,N,Y,34.417719,-119.638796
MLS Listing,,Single Family Residential,6572 Stagecoach Rd,Santa Barbara,CA,93105,2300000,5,4.0,SB/GOL NORTH,,392040,1950,127,,,Active,,,,https://www.redfin.com/CA/Santa-Barbara/6572-Stagecoach-Rd-93105/home/161239582,SBMLS,24-215,N,Y,34.5133409,-119.825901
MLS Listing,,Vacant Land,252 E Mountain Dr,Montecito,CA,93108,1995000,,,MONTECITO,,43560,,131,,,Active,,,,https://www.redfin.com/CA/Santa-Barbara/252-E-Mountain-Dr-93108/home/21608379,SBMLS,24-177,N,Y,34.45556,-119.665481
MLS Listing,,Single Family Residential,1781 Glen Oaks Dr,Montecito,CA,93108,16000000,6,4.5,MONTECITO,4555,140263,2016,131,3513,,Active,,,,https://www.redfin.com/CA/Santa-Barbara/1781-Glen-Oaks-Dr-93108/home/21610870,SBMLS,24-172,N,Y,34.4365342,-119.6199837
MLS Listing,,Single Family Residential,1514 E Mountain Dr,Montecito,CA,93108,10500000,3,4.5,MONTECITO,4085,141570,1974,132,2570,,Active,,,,https://www.redfin.com/CA/Santa-Barbara/1514-E-Mountain-Dr-93108/home/21609128,SBMLS,24-142,N,Y,34.4491554,-119.6271828
MLS Listing,,Single Family Residential,3213 Cliff Dr,Santa Barbara,CA,93109,12900000,3,2.5,SB/WEST OF STATE,3112,121968,1971,132,4145,,Active,,,,https://www.redfin.com/CA/Santa-Barbara/3213-Cliff-Dr-93109/home/21592107,SBMLS,24-124,N,Y,34.4049282,-119.7481767
MLS Listing,,Single Family Residential,2784 Alta,Santa Barbara,CA,93105,829000,3,2.0,SB/GOL NORTH,2054,,1934,134,404,,Active,,,,https://www.redfin.com/CA/Santa-Barbara/2784-Alta-Dr-93105/home/21527420,SBMLS,24-73,N,Y,34.5047561,-119.7902016
MLS Listing,,Single Family Residential,749 San Ysidro Rd,Santa Barbara,CA,93108,53500000,4,3.5,Montecito,,556261,,136,,,Active,,,,https://www.redfin.com/CA/Santa-Barbara/749-San-Ysidro-Rd-93108/home/21609054,TheMLS,24-343913,N,Y,34.4447071,-119.6334986
MLS Listing,,Vacant Land,1725 E Valley Rd,Santa Barbara,CA,93108,1895000,,,MONTECITO,,42253,,139,,,Active,,,,https://www.redfin.com/CA/Santa-Barbara/1725-E-Valley-Rd-93108/home/21611314,SBMLS,24-65,N,Y,34.4386519,-119.6211541
MLS Listing,,Condo/Co-op,4400 Shadow Hills Cir #L,Santa Barbara,CA,93105,1349000,2,2.0,SB/EAST OF STATE,1677,1742,1989,139,804,,Active,,,,https://www.redfin.com/CA/Santa-Barbara/4400-Shadow-Hills-Cir-93105/unit-L/home/21584766,SBMLS,24-59,N,Y,34.4621125,-119.7719903
MLS Listing,,Vacant Land,105 San Angelo,Santa Barbara,CA,93111,3680000,,,SB/GOL SOUTH,,56628,,143,,,Active,,,,https://www.redfin.com/CA/Santa-Barbara/105-San-Angelo-Ave-93111/home/21581411,SBMLS,24-28,N,Y,34.4389108,-119.7914689
MLS Listing,,Condo/Co-op,4370 Modoc Rd,Santa Barbara,CA,93110,1625000,3,2.5,Hope Ranch Annex,2193,,2006,144,741,,Active,,,,https://www.redfin.com/CA/Santa-Barbara/4370-Modoc-Rd-93110/home/21518502,SBMLS,24-19,N,Y,34.4398554,-119.7692796
MLS Listing,,Vacant Land,335 Hot Springs Rd,Montecito,CA,93108,2475000,,,MONTECITO,,43560,,145,,,Active,,,,https://www.redfin.com/CA/Santa-Barbara/335-Hot-Springs-Rd-93108/home/21609866,SBMLS,24-8,N,Y,34.43034,-119.6414533
MLS Listing,,Single Family Residential,750 Picacho Ln,Santa Barbara,CA,93108,10500000,4,5.5,MONTECITO,5697,37026,1989,152,1843,,Active,,,,https://www.redfin.com/CA/Santa-Barbara/750-Picacho-Ln-93108/home/21609062,SBMLS,23-3136,N,Y,34.4437007,-119.637072
MLS Listing,,Single Family Residential,1545 Ramona Ln,Montecito,CA,93108,7295000,5,3.0,Hedgerow,2880,37026,1936,153,2533,,Active,,,,https://www.redfin.com/CA/Santa-Barbara/1545-Ramona-Ln-93108/home/21610576,SBMLS,23-3415,N,Y,34.4249756,-119.6291528
MLS Listing,,Single Family Residential,2125 Birnam Wood Dr,Santa Barbara,CA,93108,7250000,3,4.5,Birnam Wood,4489,31798,1982,155,1615,,Active,,,,https://www.redfin.com/CA/Santa-Barbara/2125-Birnam-Wood-Dr-93108/home/21610300,SBMLS,23-3736,N,Y,34.4314796,-119.6077231
MLS Listing,,Single Family Residential,1705 Castillo St,Santa Barbara,CA,93101,1575000,4,2.5,15 or Downtown,1111,4791,1911,165,1418,,Active,,,,https://www.redfin.com/CA/Santa-Barbara/1705-Castillo-St-93101/home/21602158,SBMLS,23-3674,N,Y,34.42387,-119.7157951
MLS Listing,,Condo/Co-op,64 Olive Mill Rd,Montecito,CA,93108,2850000,3,2.5,MONTECITO,1875,,1986,166,1520,,Active,,,,https://www.redfin.com/CA/Santa-Barbara/64-Olive-Mill-Rd-93108/home/21608905,SBMLS,23-3673,N,Y,34.41903,-119.6397627
MLS Listing,,Vacant Land,225 Conejo Rd,Santa Barbara,CA,93103,895000,,,Santa Barbara,,43560,,187,,,Active,,,,https://www.redfin.com/CA/Santa-Barbara/225-Conejo-Rd-93103/home/21605791,TheMLS,23-333931,N,Y,34.4450262,-119.6819265
MLS Listing,,Single Family Residential,823 Orange Ave,Santa Barbara,CA,93101,1195000,2,1.5,Santa Barbara,1177,5663,1905,192,1015,,Active,,,,https://www.redfin.com/CA/Santa-Barbara/823-Orange-Ave-93101/home/21597683,TheMLS,23-332637,N,Y,34.4141017,-119.7066399
MLS Listing,,Single Family Residential,975 Mariposa Ln,Montecito,CA,93108,6450000,4,3.5,MONTECITO,3438,43560,1970,215,1876,,Active,,,,https://www.redfin.com/CA/Santa-Barbara/975-Mariposa-Ln-93108/home/21611203,SBMLS,23-3199,N,Y,34.4471398,-119.605925
MLS Listing,,Single Family Residential,830 Picacho Ln,Montecito,CA,93108,44995000,9,12.5,MONTECITO,14083,148104,1991,220,3195,,Active,,,,https://www.redfin.com/CA/Santa-Barbara/830-Picacho-Ln-93108/home/21609078,SBMLS,23-3166,N,Y,34.445593,-119.6370344
MLS Listing,,Single Family Residential,1833 Santa Barbara St,Santa Barbara,CA,93101,4250000,6,5.5,Upper Eastside,5137,8712,1915,226,827,,Active,,,,https://www.redfin.com/CA/Santa-Barbara/1833-Santa-Barbara-St-93101/home/21602546,SBMLS,23-3112,N,Y,34.4318175,-119.7110909
MLS Listing,,Single Family Residential,4312 Via Glorieta,Santa Barbara,CA,93110,6350000,4,4.5,Hope Ranch,3672,77101,1956,229,1729,,Active,,,,https://www.redfin.com/CA/Santa-Barbara/4312-Via-Glorieta-93110/home/21584533,SBMLS,23-3061,N,Y,34.423159,-119.7676741
MLS Listing,,Single Family Residential,4187 Cresta Ave,Santa Barbara,CA,93110,19950000,6,7.0,Hope Ranch,8120,110642,2001,241,2457,,Active,,,,https://www.redfin.com/CA/Santa-Barbara/4187-Cresta-Ave-93110/home/21583412,SBMLS,23-2509,N,Y,34.4176985,-119.7634458
MLS Listing,,Single Family Residential,2025 Creekside Rd,Santa Barbara,CA,93108,3000000,0,,MONTECITO,,108464,,247,,,Active,,,,https://www.redfin.com/CA/Santa-Barbara/2025-Creekside-Rd-93108/home/22851060,SBMLS,23-2867,N,Y,34.42394,-119.611928
MLS Listing,,Single Family Residential,2340 Varley St,Summerland,CA,93067,1995000,3,1.0,CARPINTERIA-SUMMERLAND,879,12196,,249,2270,,Active,,,,https://www.redfin.com/CA/Summerland/2340-Varley-St-93067/home/21612605,SBMLS,23-2445,N,Y,34.421959,-119.5984706
MLS Listing,,Single Family Residential,000 E Valley Rd,Montecito,CA,93108,5995000,0,,MONTECITO,,87120,,254,,,Active,,,,https://www.redfin.com/CA/Montecito/E-Valley-Rd-93108/home/56379056,SBMLS,23-2778,N,Y,34.436622,-119.611195
MLS Listing,,Condo/Co-op,8 W Constance Ave #7,Santa Barbara,CA,93105,1199000,2,2.0,Upper Eastside,1219,,1958,269,984,,Active,,,,https://www.redfin.com/CA/Santa-Barbara/8-W-Constance-Ave-93105/unit-7/home/21589202,SBMLS,23-2611,N,Y,34.4361818,-119.7229487
MLS Listing,,Vacant Land,Vacant Lot Barker Pass Rd,Santa Barbara,CA,93108,1800000,,,Eucalyptus Hill,,39204,,283,,,Active,,,,https://www.redfin.com/CA/Santa-Barbara/Vacant-Lot-Barker-Pass-Rd-93108/home/186797358,SBMLS,23-2456,N,Y,34.439221,-119.667127
MLS Listing,,Single Family Residential,4045 Lago Dr,Santa Barbara,CA,93110,6995000,5,4.0,Hope Ranch,3630,68389,1928,286,1927,,Active,,,,https://www.redfin.com/CA/Santa-Barbara/4045-Lago-Dr-93110/home/21584545,SBMLS,23-2407,N,Y,34.4289343,-119.7590333
MLS Listing,,Ranch,1505 Camino Meleno,Santa Barbara,CA,93111,35000000,4,3.0,Rancho Del Ciervo,3000,24219360,1980,290,11667,,Active,,,,https://www.redfin.com/CA/Santa-Barbara/1505-Camino-Meleno-93111/home/185751988,SBMLS,23-2279,N,Y,34.469909,-119.818128
MLS Listing,,Vacant Land,930 W Mountain Dr,Santa Barbara,CA,93103,2495000,,,SB/EAST OF STATE,,223462,,293,,,Active,,,,https://www.redfin.com/CA/Santa-Barbara/930-W-Mountain-Dr-93103/home/23412006,SBMLS,23-2304,N,Y,34.4524187,-119.6862197
MLS Listing,,Ranch,1142 N San Marcos Rd,Santa Barbara,CA,93111,17500000,5,4.5,Equestrian Estates,3456,5357880,1974,306,5064,,Active,,,,https://www.redfin.com/CA/Santa-Barbara/1142-N-San-Marcos-Rd-93111/home/21580166,SBMLS,23-2183,N,Y,34.4605119,-119.793832
MLS Listing,,Single Family Residential,1330 Cacique St,Santa Barbara,CA,93103,2895000,2,3.0,Lower Eastside,4428,7405,1960,319,654,,Active,,,,https://www.redfin.com/CA/Santa-Barbara/1330-Cacique-St-93103/home/186087738,SBMLS,23-2034,N,Y,34.424584,-119.670873
MLS Listing,,Vacant Land,750 Hot Springs Rd,Montecito,CA,93108,6000000,,,MONTECITO,,,,319,,,Active,,,,https://www.redfin.com/CA/Santa-Barbara/750-Hot-Springs-Rd-93108/home/15073412,SBMLS,23-2033,N,Y,34.444657,-119.6417645
MLS Listing,,Single Family Residential,1231 E Mason St,Santa Barbara,CA,93103,2599000,6,4.0,SB/EAST OF STATE,,18730,1925,332,,,Active,,,,https://www.redfin.com/CA/Santa-Barbara/1231-E-Mason-St-93103/home/21606691,SBMLS,23-1901,N,Y,34.4267251,-119.6760856
MLS Listing,,Single Family Residential,175 Miramar Ave,Montecito,CA,93108,6900000,4,4.5,Hedgerow,2858,8276,1929,333,2414,,Active,,,,https://www.redfin.com/CA/Santa-Barbara/175-Miramar-Ave-93108/home/21610989,SBMLS,23-1880,N,Y,34.4254737,-119.6299369
MLS Listing,,Single Family Residential,1385 Anderson Ln,Santa Barbara,CA,93111,4850000,0,,Santa Barbara,,217800,,438,,,Active,,,,https://www.redfin.com/CA/Santa-Barbara/1385-Anderson-Ln-93111/home/40250268,NSBCRMLS,23000384,N,Y,34.4204737,-119.8115369
MLS Listing,,Single Family Residential,4475 Via Abrigada,Santa Barbara,CA,93110,18500000,6,5.5,Hope Ranch,,239580,1963,584,,,Active,,,,https://www.redfin.com/CA/Santa-Barbara/4475-Via-Abrigada-93110/home/21583645,SBMLS,22-3100,N,Y,34.4236816,-119.7764148
MLS Listing,,Single Family Residential,2215 Edgewater Way,Santa Barbara,CA,93109,4200000,1,1.0,SB/WEST OF STATE,,31363,1981,600,,,Active,,,,https://www.redfin.com/CA/Santa-Barbara/2215-Edgewater-Way-93109/home/109612833,SBMLS,22-2752,N,Y,34.3971143,-119.7290827
MLS Listing,,Single Family Residential,920 Hot Springs Rd,Montecito,CA,93108,8995000,3,2.5,MONTECITO,3109,130680,1985,714,2893,,Active,,,,https://www.redfin.com/CA/Santa-Barbara/920-Hot-Springs-Rd-93108/home/21608815,SBMLS,22-1873,N,Y,34.4493889,-119.641462